{"train_loss": 0.0810011550784111, "epoch": 4, "trainer/global_step": 3899, "_timestamp": 1674446841.3088534, "_runtime": 35296.82723927498, "_step": 77, "_wandb": {"runtime": 35495}}