{"train_loss": 0.004272928927093744, "epoch": 4, "trainer/global_step": 99, "_timestamp": 1674149802.6970518, "_runtime": 1544.4306218624115, "_step": 1, "_wandb": {"runtime": 1751}}