{"train_loss": 0.0002453321358188987, "epoch": 4, "trainer/global_step": 199, "_timestamp": 1674460986.9797232, "_runtime": 2476.5269253253937, "_step": 3, "_wandb": {"runtime": 2731}}