{"train_loss": 0.4342522621154785, "epoch": 4, "trainer/global_step": 199, "_timestamp": 1674190068.119168, "_runtime": 2467.3490841388702, "_step": 3, "_wandb": {"runtime": 2952}}