{"train_loss": 0.9189268946647644, "epoch": 4, "trainer/global_step": 349, "_timestamp": 1673970937.5635192, "_runtime": 2510.294148206711, "_step": 6, "_wandb": {"runtime": 2640}}