{"train_loss": 0.00897424016147852, "epoch": 4, "trainer/global_step": 749, "_timestamp": 1674194980.2228584, "_runtime": 9048.493378400803, "_step": 14, "_wandb": {"runtime": 9390}}