{"train_loss": 1.4872254133224487, "epoch": 4, "trainer/global_step": 149, "_timestamp": 1674076442.614089, "_runtime": 1811.691488981247, "_step": 2, "_wandb": {"runtime": 2042}}