{"train_loss": 0.22898748517036438, "epoch": 4, "trainer/global_step": 49, "_timestamp": 1673804735.3926299, "_runtime": 533.7551889419556, "_step": 0, "_wandb": {"runtime": 586}}