{"acc_score_cosmos_qa": 0.3448276221752167, "acc_score_mean": 0.3448276221752167, "epoch": 0, "trainer/global_step": 0, "_timestamp": 1673801363.8483894, "_runtime": 319.36533546447754, "_step": 0, "_wandb": {"runtime": 384}}