{"train_loss": 1.3838330507278442, "epoch": 4, "trainer/global_step": 1299, "_timestamp": 1674231508.592404, "_runtime": 15756.922365903854, "_step": 25, "_wandb": {"runtime": 15960}}