{"train_loss": 0.0016652224585413933, "epoch": 4, "trainer/global_step": 299, "_timestamp": 1674163178.250841, "_runtime": 3352.47891998291, "_step": 5, "_wandb": {"runtime": 3651}}