{"train_loss": 1.745401382446289, "epoch": 0, "trainer/global_step": 49, "_timestamp": 1674150978.8731248, "_runtime": 665.7964768409729, "_step": 0}