{"train_loss": 0.004062614403665066, "epoch": 4, "trainer/global_step": 399, "_timestamp": 1674261856.5637176, "_runtime": 4285.101341485977, "_step": 7, "_wandb": {"runtime": 4671}}