{"train_loss": 3.235513210296631, "epoch": 0, "trainer/global_step": 49, "_timestamp": 1674669247.3260236, "_runtime": 326.87124156951904, "_step": 0, "_wandb": {"runtime": 332}}