{"train_loss": 1.845943808555603, "epoch": 4, "trainer/global_step": 1699, "_timestamp": 1674181722.3803403, "_runtime": 16093.826543331146, "_step": 33, "_wandb": {"runtime": 16305}}