{"train_loss": 1.5065088272094727, "epoch": 1, "trainer/global_step": 149, "_timestamp": 1674289280.448664, "_runtime": 2144.034821033478, "_step": 2}