{"train_loss": 0.00013468835095409304, "epoch": 4, "trainer/global_step": 3899, "_timestamp": 1674313466.6380117, "_runtime": 35855.155849695206, "_step": 77, "_wandb": {"runtime": 36059}}