{"train_loss": 2.2240822315216064, "epoch": 4, "trainer/global_step": 3499, "_timestamp": 1674300586.813303, "_runtime": 32224.888447999954, "_step": 69, "_wandb": {"runtime": 32652}}