{"train_loss": 2.626185894012451, "epoch": 0, "trainer/global_step": 3333, "_timestamp": 1674697166.336333, "_runtime": 2610.460974931717, "_step": 66, "acc_score_tatoeba": 0.29395049810409546, "acc_score_mean": 0.29395049810409546, "_wandb": {"runtime": 2772}}