{"train_loss": 0.00012898350541945547, "epoch": 4, "trainer/global_step": 449, "_timestamp": 1674209323.6978922, "_runtime": 4779.934134244919, "_step": 8, "_wandb": {"runtime": 4986}}