{"train_loss": 0.0006721863755956292, "epoch": 4, "trainer/global_step": 799, "_timestamp": 1674466683.762557, "_runtime": 7863.6703979969025, "_step": 15, "_wandb": {"runtime": 7980}}