{"acc_score_dream": 0.763546884059906, "acc_score_mean": 0.763546884059906, "epoch": 4, "trainer/global_step": 54, "_timestamp": 1673808015.7732158, "_runtime": 1100.4163007736206, "_step": 5, "train_loss": 0.22898748517036438, "_wandb": {"runtime": 1118}}