{"train_loss": 2.3841852225814364e-07, "epoch": 4, "trainer/global_step": 1899, "_timestamp": 1674476971.9612672, "_runtime": 18435.265402317047, "_step": 37, "_wandb": {"runtime": 18932}}