{"acc_score_xsum": 0.24909330904483795, "acc_score_mean": 0.24909330904483795, "epoch": 0, "trainer/global_step": 31, "_timestamp": 1674514555.236821, "_runtime": 551.4482178688049, "_step": 0, "_wandb": {"runtime": 727}}