{"train_loss": 1.1800260543823242, "epoch": 0, "trainer/global_step": 3333, "_timestamp": 1674703408.4903538, "_runtime": 2634.7681918144226, "_step": 66, "acc_score_tatoeba_fra": 0.6013063788414001, "acc_score_mean": 0.6013063788414001, "_wandb": {"runtime": 2795}}