{"train_loss": 0.00012610778503585607, "epoch": 2, "trainer/global_step": 99, "_timestamp": 1674456238.7031493, "_runtime": 1295.7319293022156, "_step": 1, "_wandb": {"runtime": 2822}}