{"train_loss": 4.708744654635666e-06, "epoch": 4, "trainer/global_step": 3899, "_timestamp": 1674257350.7535539, "_runtime": 41616.62071275711, "_step": 77, "_wandb": {"runtime": 41820}}