{"train_loss": 2.2272789478302, "epoch": 4, "trainer/global_step": 3899, "_timestamp": 1674336955.4700983, "_runtime": 35924.63011717796, "_step": 77, "_wandb": {"runtime": 36129}}