{"train_loss": 0.810403048992157, "epoch": 4, "trainer/global_step": 399, "_timestamp": 1674155545.375009, "_runtime": 5037.342060089111, "_step": 7, "_wandb": {"runtime": 5199}}