{"train_loss": 0.3277565836906433, "epoch": 1, "trainer/global_step": 1099, "_timestamp": 1674212543.701915, "_runtime": 10143.083281993866, "_step": 21}