{"train_loss": 3.9043643474578857, "epoch": 0, "trainer/global_step": 449, "_timestamp": 1674697949.9239197, "_runtime": 602.7837285995483, "_step": 8, "_wandb": {"runtime": 608}}