{"train_loss": 0.0005219840095378458, "epoch": 4, "trainer/global_step": 949, "_timestamp": 1674165124.820195, "_runtime": 9399.063390016556, "_step": 18, "_wandb": {"runtime": 9884}}