{"train_loss": 0.09690044075250626, "epoch": 4, "trainer/global_step": 1149, "_timestamp": 1674268009.9372492, "_runtime": 10948.162964105606, "_step": 22, "_wandb": {"runtime": 11283}}