{"train_loss": 0.00015065491606947035, "epoch": 4, "trainer/global_step": 1149, "_timestamp": 1674204267.7782311, "_runtime": 13697.465391159058, "_step": 22, "_wandb": {"runtime": 13957}}