{"acc_score_cosmos_qa": 0.2857142984867096, "acc_score_mean": 0.2857142984867096, "epoch": 4, "trainer/global_step": 4, "_timestamp": 1673807607.4970694, "_runtime": 697.6809272766113, "_step": 4, "_wandb": {"runtime": 713}}