{"train_loss": 0.013755272142589092, "epoch": 4, "trainer/global_step": 349, "_timestamp": 1674159304.7182572, "_runtime": 3855.570990085602, "_step": 6, "_wandb": {"runtime": 4359}}