{"train_loss": 0.002406599698588252, "epoch": 1, "trainer/global_step": 299, "_timestamp": 1674212557.3784802, "_runtime": 3010.6359810829163, "_step": 5}