{"acc_score_xsum": 0.24296694993972778, "acc_score_mean": 0.24296694993972778, "epoch": 1, "trainer/global_step": 47, "_timestamp": 1674513909.4387813, "_runtime": 1916.9311122894287, "_step": 29, "_wandb": {"runtime": 1938}}