{"train_loss": 0.00014335739251691848, "epoch": 4, "trainer/global_step": 3899, "_timestamp": 1674202184.3003144, "_runtime": 38690.07307648659, "_step": 77, "_wandb": {"runtime": 38894}}