{"train_loss": 0.0004167607403360307, "epoch": 4, "trainer/global_step": 3899, "_timestamp": 1674256840.471604, "_runtime": 41135.95873618126, "_step": 77, "_wandb": {"runtime": 41340}}