{"train_loss": 0.49812719225883484, "epoch": 2, "trainer/global_step": 1749, "_timestamp": 1674212728.4022253, "_runtime": 17035.263976335526, "_step": 34}