{"train_loss": 1.7360862493515015, "epoch": 4, "trainer/global_step": 549, "_timestamp": 1674237308.0653803, "_runtime": 5580.499688386917, "_step": 10, "_wandb": {"runtime": 5963}}