{"train_loss": 0.22898748517036438, "epoch": 4, "trainer/global_step": 49, "_timestamp": 1673806683.1864378, "_runtime": 542.8000507354736, "_step": 0, "_wandb": {"runtime": 594}}