{"train_loss": 1.4592424631118774, "epoch": 0, "trainer/global_step": 249, "_timestamp": 1674719710.0972028, "_runtime": 456.93456983566284, "_step": 4, "_wandb": {"runtime": 493}}