{"train_loss": 1.6968659162521362, "epoch": 4, "trainer/global_step": 2599, "_timestamp": 1674286683.4395275, "_runtime": 24414.83923649788, "_step": 51, "_wandb": {"runtime": 24851}}