{"train_loss": 0.19811275601387024, "epoch": 4, "trainer/global_step": 49, "_timestamp": 1673805326.6812491, "_runtime": 525.3322222232819, "_step": 0, "_wandb": {"runtime": 576}}