{"acc_score_anli/dev_r1": 0.270935982465744, "acc_score_anli/dev_r2": 0.3497537076473236, "acc_score_anli/dev_r3": 0.3694581687450409, "acc_score_paws/labeled_final": 0.5862069129943848, "acc_score_cos_e/v1.11": 0.1871921271085739, "acc_score_super_glue/rte": 0.48768478631973267, "acc_score_super_glue/wic": 0.4926109313964844, "acc_score_hellaswag": 0.2610837519168854, "acc_score_super_glue/copa": 0.5714285969734192, "acc_score_winogrande/winogrande_xl": 0.5320197343826294, "acc_score_super_glue/cb": 0.428571492433548, "acc_score_super_glue/wsc.fixed": 0.3619048297405243, "acc_score_imdb": 0.6945813894271851, "acc_score_ag_news": 0.5073891878128052, "acc_score_mean": 1.9753696918487549, "epoch": 0, "trainer/global_step": 9, "_timestamp": 1673798756.7663872, "_runtime": 1031.6391472816467, "_step": 1, "_wandb": {"runtime": 1061}}