{"train_loss": 0.6885315179824829, "epoch": 4, "trainer/global_step": 3899, "_timestamp": 1674187325.6788516, "_runtime": 37028.776547670364, "_step": 77, "_wandb": {"runtime": 37286}}