{"train_loss": 1.4592424631118774, "epoch": 0, "trainer/global_step": 249, "_timestamp": 1674704041.2814927, "_runtime": 454.396324634552, "_step": 4, "_wandb": {"runtime": 481}}