{"train_loss": 0.1635676920413971, "epoch": 4, "trainer/global_step": 394, "_timestamp": 1673985695.2675185, "_runtime": 3139.9076285362244, "_step": 11, "acc_score_cosmos_qa": 0.8799999952316284, "acc_score_mean": 0.8799999952316284, "_wandb": {"runtime": 3199}}