{"train_loss": 2.749732732772827, "epoch": 4, "trainer/global_step": 149, "_timestamp": 1674074033.8699496, "_runtime": 1789.6364846229553, "_step": 2, "_wandb": {"runtime": 2020}}