{"train_loss": 0.007989042438566685, "epoch": 3, "trainer/global_step": 49, "_timestamp": 1674238660.8236582, "_runtime": 952.6020243167877, "_step": 0, "_wandb": {"runtime": 1458}}