{"train_loss": 0.0006657576886937022, "epoch": 4, "trainer/global_step": 299, "_timestamp": 1674185310.396163, "_runtime": 3356.0223910808563, "_step": 5, "_wandb": {"runtime": 3799}}