{"train_loss": 0.013755272142589092, "epoch": 4, "trainer/global_step": 349, "_timestamp": 1674154716.5115223, "_runtime": 4407.834905385971, "_step": 6, "_wandb": {"runtime": 5122}}