{"train_loss": 0.2980051040649414, "epoch": 4, "trainer/global_step": 3899, "_timestamp": 1674277392.2342975, "_runtime": 38209.57663846016, "_step": 77, "_wandb": {"runtime": 38413}}